"","book_id","rating"
"11",11,4.16939675539455
"12",12,4.03404074702886
"13",13,4.0468250187164
"14",14,3.82558626465662
